-- ========================================================
-- WEST ROW KITCHEN - COMPLETE DATABASE EXPORT
-- Generated from Development Database on September 7, 2025
-- Run these statements in your Production Database
-- ========================================================

-- IMPORTANT: Run these commands in this exact order to maintain foreign key relationships

-- ==========================================
-- STEP 1: USERS (Foundation data)
-- ==========================================

INSERT INTO users (id, email, first_name, last_name, is_admin, created_at, updated_at, password, phone, profile_image_url, notification_preferences, is_deleted) VALUES ('fb6d96bd-2503-440d-85aa-ec1448500fb8', 'customer@test.com', 'Test', 'Customer', false, '2025-09-03 05:23:47.813698'::timestamp, '2025-09-03 05:23:47.813698'::timestamp, 'e54b2942a6c98b39ee004b660ed23cf959af72e5263488e0e2b911666b636b4cd48f97bc0736d1d092036369c36f82fbc128d669aba1f670d133fef2ff2005b1.01bb82b4af8fd8968de17973ddba386e', NULL, NULL, '{"newsletter": false, "promotions": false, "orderUpdates": true}'::jsonb, false);
INSERT INTO users (id, email, first_name, last_name, is_admin, created_at, updated_at, password, phone, profile_image_url, notification_preferences, is_deleted) VALUES ('0db90b71-1489-44b1-a465-bae7a610f8a8', 'admin@westrowkitchen.com', 'Admin', 'User 1', true, '2025-09-03 05:23:47.813698'::timestamp, '2025-09-07 04:49:59.877'::timestamp, 'a66652fb8ea43f2e3a78cce5cb62015ad7cf78829b79dfbe8489784830d55494cc2b6a8239726d61994ad837b0e5065bdb09c202815f693c12dbcfb52de6f8a5.f0c3a011aab6c08e3f85d6b4833c44d3', NULL, NULL, '{"newsletter": false, "promotions": false, "orderUpdates": true}'::jsonb, false);
INSERT INTO users (id, email, first_name, last_name, is_admin, created_at, updated_at, password, phone, profile_image_url, notification_preferences, is_deleted) VALUES ('fc2220d2-f49a-4bd5-941a-6a8d82105275', 'john@test.com', 'John', 'Doe', false, '2025-09-04 06:34:18.671065'::timestamp, '2025-09-04 06:34:18.671065'::timestamp, 'b4e05798c935410d9bab03bd032e34076d448536fadc86bcb2f928111ba4d4fedcc34bf1691eb8361fb728faa82b32d8c969885817b0e8d958049e0d098c84e5.6d82a26db8e9e8f7fd9f8aa1da0fec04', NULL, NULL, '{"newsletter": false, "promotions": false, "orderUpdates": true}'::jsonb, false);

-- ==========================================
-- STEP 2: RESTAURANTS (Core business data)
-- ==========================================

INSERT INTO restaurants (id, name, description, image, cuisine, rating, review_count, delivery_time, delivery_fee, minimum_order, is_open, address, phone, owner_id, created_at, updated_at, is_temporarily_closed, operating_hours, special_hours, auto_schedule_enabled, timezone) VALUES ('550e8400-e29b-41d4-a716-446655440002'::uuid, 'Pappi''s Pizza', 'Hot. Saucy. Pappi''s.', '/assets/pappis-pizza-logo.png', 'Italian', 4.70, 89, '20-30 min', 1.99, 12.00, true, '456 Italian Avenue, Little Italy', '555-0102', NULL, '2025-08-14 11:18:18.789949'::timestamp, '2025-08-14 11:18:18.789949'::timestamp, false, NULL::jsonb, NULL::jsonb, true, 'America/New_York');
INSERT INTO restaurants (id, name, description, image, cuisine, rating, review_count, delivery_time, delivery_fee, minimum_order, is_open, address, phone, owner_id, created_at, updated_at, is_temporarily_closed, operating_hours, special_hours, auto_schedule_enabled, timezone) VALUES ('550e8400-e29b-41d4-a716-446655440001'::uuid, 'My Lai Kitchen', 'Modern Vietnamese Flavors', '/assets/my-lai-logo.png', 'Vietnamese', 4.80, 127, '25-35 min', 2.99, 15.00, false, '123 Vietnam Street, Downtown', '555-0101', NULL, '2025-08-14 11:18:18.789949'::timestamp, '2025-09-07 07:01:05.031'::timestamp, false, '{"friday": {"open": "09:00", "close": "21:00", "closed": false}, "monday": {"open": "09:00", "close": "21:00", "closed": false}, "sunday": {"open": "09:00", "close": "21:00", "closed": false}, "tuesday": {"open": "09:00", "close": "21:00", "closed": false}, "saturday": {"open": "09:00", "close": "21:00", "closed": false}, "thursday": {"open": "09:00", "close": "21:00", "closed": false}, "wednesday": {"open": "09:00", "close": "21:00", "closed": false}}'::jsonb, NULL::jsonb, true, 'America/New_York');
INSERT INTO restaurants (id, name, description, image, cuisine, rating, review_count, delivery_time, delivery_fee, minimum_order, is_open, address, phone, owner_id, created_at, updated_at, is_temporarily_closed, operating_hours, special_hours, auto_schedule_enabled, timezone) VALUES ('550e8400-e29b-41d4-a716-446655440003'::uuid, 'Cheeky''s Burgers', 'Premium burgers with attitude', '/assets/cheekys-burgers-logo.png', 'American', 4.90, 156, '15-25 min', 1.49, 10.00, true, '789 Burger Lane, Uptown', '555-0103', NULL, '2025-08-14 11:18:18.789949'::timestamp, '2025-09-07 07:31:15.453'::timestamp, false, '{"friday": {"open": "09:00", "close": "21:00", "closed": false}, "monday": {"open": "09:00", "close": "21:00", "closed": false}, "sunday": {"open": "09:00", "close": "13:32", "closed": false}, "tuesday": {"open": "09:00", "close": "21:00", "closed": false}, "saturday": {"open": "09:00", "close": "21:00", "closed": false}, "thursday": {"open": "09:00", "close": "21:00", "closed": false}, "wednesday": {"open": "09:00", "close": "21:00", "closed": false}}'::jsonb, NULL::jsonb, true, 'America/New_York');
INSERT INTO restaurants (id, name, description, image, cuisine, rating, review_count, delivery_time, delivery_fee, minimum_order, is_open, address, phone, owner_id, created_at, updated_at, is_temporarily_closed, operating_hours, special_hours, auto_schedule_enabled, timezone) VALUES ('a523fe53-edef-4e03-896e-f16a7ed6ccc2'::uuid, 'Nayem''s Cuisine - (New)', 'We''re the King.', '/assets/Nayem''s Cuisine.png', 'Mediterranean', 5.00, 5319, '15-35 min', 1.49, 5.00, true, 'Road 413', '(+880) 0923-234120', '0db90b71-1489-44b1-a465-bae7a610f8a8', '2025-09-05 05:17:45.026415'::timestamp, '2025-09-07 06:53:05.651'::timestamp, false, '{"friday": {"open": "09:00", "close": "21:00", "closed": true}, "monday": {"open": "09:00", "close": "21:00", "closed": false}, "sunday": {"open": "09:00", "close": "21:00", "closed": true}, "tuesday": {"open": "09:00", "close": "21:00", "closed": false}, "saturday": {"open": "09:00", "close": "21:00", "closed": false}, "thursday": {"open": "09:00", "close": "21:00", "closed": true}, "wednesday": {"open": "09:00", "close": "21:00", "closed": false}}'::jsonb, NULL::jsonb, true, 'America/New_York');
INSERT INTO restaurants (id, name, description, image, cuisine, rating, review_count, delivery_time, delivery_fee, minimum_order, is_open, address, phone, owner_id, created_at, updated_at, is_temporarily_closed, operating_hours, special_hours, auto_schedule_enabled, timezone) VALUES ('8735805f-e6a5-4148-abb6-9c207b6535de'::uuid, 'hukk', 'hgj', '/assets/Crispy Imperial Rolls.jpg', 'Thai', 4.80, 1334, '15-35 min', 4.10, 25.00, true, 'Road 413', '', '0db90b71-1489-44b1-a465-bae7a610f8a8', '2025-09-05 10:49:13.131895'::timestamp, '2025-09-07 06:59:54.786'::timestamp, false, '{"friday": {"open": "09:00", "close": "21:00", "closed": false}, "monday": {"open": "09:00", "close": "21:00", "closed": false}, "sunday": {"open": "09:00", "close": "21:00", "closed": false}, "tuesday": {"open": "09:00", "close": "21:00", "closed": false}, "saturday": {"open": "09:00", "close": "21:00", "closed": false}, "thursday": {"open": "09:00", "close": "21:00", "closed": false}, "wednesday": {"open": "09:00", "close": "21:00", "closed": false}}'::jsonb, NULL::jsonb, true, 'America/New_York');

-- ==========================================
-- STEP 3: MENU CATEGORIES
-- ==========================================

INSERT INTO menu_categories (id, restaurant_id, name, description, sort_order, created_at) VALUES ('550e8400-e29b-41d4-a716-446655440011'::uuid, '550e8400-e29b-41d4-a716-446655440001'::uuid, 'Appetizers', 'Start your Vietnamese journey', 1, '2025-08-14 11:18:54.866298'::timestamp);
INSERT INTO menu_categories (id, restaurant_id, name, description, sort_order, created_at) VALUES ('550e8400-e29b-41d4-a716-446655440012'::uuid, '550e8400-e29b-41d4-a716-446655440001'::uuid, 'Pho & Soups', 'Traditional Vietnamese soups', 2, '2025-08-14 11:18:54.866298'::timestamp);
INSERT INTO menu_categories (id, restaurant_id, name, description, sort_order, created_at) VALUES ('550e8400-e29b-41d4-a716-446655440013'::uuid, '550e8400-e29b-41d4-a716-446655440001'::uuid, 'Rice & Noodles', 'Hearty main dishes', 3, '2025-08-14 11:18:54.866298'::timestamp);
INSERT INTO menu_categories (id, restaurant_id, name, description, sort_order, created_at) VALUES ('550e8400-e29b-41d4-a716-446655440014'::uuid, '550e8400-e29b-41d4-a716-446655440001'::uuid, 'Beverages', 'Traditional Vietnamese drinks', 4, '2025-08-14 11:18:54.866298'::timestamp);
INSERT INTO menu_categories (id, restaurant_id, name, description, sort_order, created_at) VALUES ('550e8400-e29b-41d4-a716-446655440021'::uuid, '550e8400-e29b-41d4-a716-446655440002'::uuid, 'Appetizers', 'Start with something hot', 1, '2025-08-14 11:18:58.757802'::timestamp);
INSERT INTO menu_categories (id, restaurant_id, name, description, sort_order, created_at) VALUES ('550e8400-e29b-41d4-a716-446655440022'::uuid, '550e8400-e29b-41d4-a716-446655440002'::uuid, 'Pizzas', 'Hot. Saucy. Pappi''s.', 2, '2025-08-14 11:18:58.757802'::timestamp);
INSERT INTO menu_categories (id, restaurant_id, name, description, sort_order, created_at) VALUES ('550e8400-e29b-41d4-a716-446655440023'::uuid, '550e8400-e29b-41d4-a716-446655440002'::uuid, 'Calzones', 'Stuffed and saucy', 3, '2025-08-14 11:18:58.757802'::timestamp);
INSERT INTO menu_categories (id, restaurant_id, name, description, sort_order, created_at) VALUES ('550e8400-e29b-41d4-a716-446655440024'::uuid, '550e8400-e29b-41d4-a716-446655440002'::uuid, 'Drinks', 'Cool refreshments', 4, '2025-08-14 11:18:58.757802'::timestamp);
INSERT INTO menu_categories (id, restaurant_id, name, description, sort_order, created_at) VALUES ('550e8400-e29b-41d4-a716-446655440031'::uuid, '550e8400-e29b-41d4-a716-446655440003'::uuid, 'Starters', 'Get the party started', 1, '2025-08-14 11:19:02.117352'::timestamp);
INSERT INTO menu_categories (id, restaurant_id, name, description, sort_order, created_at) VALUES ('550e8400-e29b-41d4-a716-446655440032'::uuid, '550e8400-e29b-41d4-a716-446655440003'::uuid, 'Burgers', 'Premium burgers with attitude', 2, '2025-08-14 11:19:02.117352'::timestamp);
INSERT INTO menu_categories (id, restaurant_id, name, description, sort_order, created_at) VALUES ('550e8400-e29b-41d4-a716-446655440033'::uuid, '550e8400-e29b-41d4-a716-446655440003'::uuid, 'Sides', 'Perfect companions', 3, '2025-08-14 11:19:02.117352'::timestamp);
INSERT INTO menu_categories (id, restaurant_id, name, description, sort_order, created_at) VALUES ('550e8400-e29b-41d4-a716-446655440034'::uuid, '550e8400-e29b-41d4-a716-446655440003'::uuid, 'Shakes & Drinks', 'Thick, creamy, delicious', 4, '2025-08-14 11:19:02.117352'::timestamp);
INSERT INTO menu_categories (id, restaurant_id, name, description, sort_order, created_at) VALUES ('a0378383-3d29-4553-920d-518e684e8028'::uuid, 'a523fe53-edef-4e03-896e-f16a7ed6ccc2'::uuid, 'Biriyani', 'Authentic Recipe, less fat', 0, '2025-09-05 10:10:34.002083'::timestamp);
INSERT INTO menu_categories (id, restaurant_id, name, description, sort_order, created_at) VALUES ('aa4a388c-bed3-468b-88f5-95e145895263'::uuid, 'a523fe53-edef-4e03-896e-f16a7ed6ccc2'::uuid, 'Latty', 'No fat at all', 0, '2025-09-05 10:11:18.278632'::timestamp);

-- ==========================================
-- STEP 4: MENU ITEMS (All 21 items)
-- ==========================================

INSERT INTO menu_items (id, category_id, restaurant_id, name, description, price, image, is_available, preparation_time, sort_order, created_at, updated_at) VALUES ('550e8400-e29b-41d4-a716-446655441111'::uuid, '550e8400-e29b-41d4-a716-446655440011'::uuid, '550e8400-e29b-41d4-a716-446655440001'::uuid, 'Fresh Spring Rolls', 'Rice paper rolls with shrimp, herbs, and peanut sauce', 8.95, '/assets/Fresh Spring Rolls .jpg', true, 10, 1, '2025-08-14 11:19:10.262985'::timestamp, '2025-09-05 13:38:49.947'::timestamp);
INSERT INTO menu_items (id, category_id, restaurant_id, name, description, price, image, is_available, preparation_time, sort_order, created_at, updated_at) VALUES ('550e8400-e29b-41d4-a716-446655441112'::uuid, '550e8400-e29b-41d4-a716-446655440011'::uuid, '550e8400-e29b-41d4-a716-446655440001'::uuid, 'Crispy Imperial Rolls', 'Golden fried rolls with pork and vegetables', 9.95, '/assets/Crispy Imperial Rolls.jpg', true, 12, 2, '2025-08-14 11:19:10.262985'::timestamp, '2025-09-05 13:41:43.088'::timestamp);
INSERT INTO menu_items (id, category_id, restaurant_id, name, description, price, image, is_available, preparation_time, sort_order, created_at, updated_at) VALUES ('550e8400-e29b-41d4-a716-446655441121'::uuid, '550e8400-e29b-41d4-a716-446655440012'::uuid, '550e8400-e29b-41d4-a716-446655440001'::uuid, 'Pho Bo', 'Traditional beef noodle soup with rice noodles', 14.95, '/assets/Pho Bo.jpg', true, 20, 1, '2025-08-14 11:19:10.262985'::timestamp, '2025-09-05 13:39:19.714'::timestamp);
INSERT INTO menu_items (id, category_id, restaurant_id, name, description, price, image, is_available, preparation_time, sort_order, created_at, updated_at) VALUES ('550e8400-e29b-41d4-a716-446655441122'::uuid, '550e8400-e29b-41d4-a716-446655440012'::uuid, '550e8400-e29b-41d4-a716-446655440001'::uuid, 'Pho Ga', 'Chicken noodle soup with rice noodles and herbs', 13.95, '/assets/Pho Ga.jpg', true, 18, 2, '2025-08-14 11:19:10.262985'::timestamp, '2025-09-05 13:42:00.442'::timestamp);
INSERT INTO menu_items (id, category_id, restaurant_id, name, description, price, image, is_available, preparation_time, sort_order, created_at, updated_at) VALUES ('550e8400-e29b-41d4-a716-446655441131'::uuid, '550e8400-e29b-41d4-a716-446655440013'::uuid, '550e8400-e29b-41d4-a716-446655440001'::uuid, 'Lemongrass Beef Banh Mi', 'Vietnamese sandwich with marinated beef', 11.95, '/assets/Lemongrass Beef Banh Mi .jpg', true, 15, 1, '2025-08-14 11:19:10.262985'::timestamp, '2025-09-05 13:41:00.712'::timestamp);
INSERT INTO menu_items (id, category_id, restaurant_id, name, description, price, image, is_available, preparation_time, sort_order, created_at, updated_at) VALUES ('550e8400-e29b-41d4-a716-446655441132'::uuid, '550e8400-e29b-41d4-a716-446655440013'::uuid, '550e8400-e29b-41d4-a716-446655440001'::uuid, 'Vermicelli Bowl', 'Rice noodles with grilled pork and fresh herbs', 12.95, '/assets/Vermicelli Bowl.jpg', true, 16, 2, '2025-08-14 11:19:10.262985'::timestamp, '2025-09-05 13:44:44.477'::timestamp);
INSERT INTO menu_items (id, category_id, restaurant_id, name, description, price, image, is_available, preparation_time, sort_order, created_at, updated_at) VALUES ('550e8400-e29b-41d4-a716-446655442111'::uuid, '550e8400-e29b-41d4-a716-446655440021'::uuid, '550e8400-e29b-41d4-a716-446655440002'::uuid, 'Garlic Knots', 'Hot garlic butter knots with marinara sauce', 6.95, NULL, true, 8, 1, '2025-08-14 11:19:17.976188'::timestamp, '2025-08-14 11:19:17.976188'::timestamp);
INSERT INTO menu_items (id, category_id, restaurant_id, name, description, price, image, is_available, preparation_time, sort_order, created_at, updated_at) VALUES ('550e8400-e29b-41d4-a716-446655442112'::uuid, '550e8400-e29b-41d4-a716-446655440021'::uuid, '550e8400-e29b-41d4-a716-446655440002'::uuid, 'Mozzarella Sticks', 'Crispy fried mozzarella with marinara', 8.95, NULL, true, 10, 2, '2025-08-14 11:19:17.976188'::timestamp, '2025-08-14 11:19:17.976188'::timestamp);
INSERT INTO menu_items (id, category_id, restaurant_id, name, description, price, image, is_available, preparation_time, sort_order, created_at, updated_at) VALUES ('550e8400-e29b-41d4-a716-446655442121'::uuid, '550e8400-e29b-41d4-a716-446655440022'::uuid, '550e8400-e29b-41d4-a716-446655440002'::uuid, 'Pappi''s Supreme', 'Pepperoni, sausage, peppers, onions, mushrooms', 18.95, NULL, true, 25, 1, '2025-08-14 11:19:17.976188'::timestamp, '2025-08-14 11:19:17.976188'::timestamp);
INSERT INTO menu_items (id, category_id, restaurant_id, name, description, price, image, is_available, preparation_time, sort_order, created_at, updated_at) VALUES ('550e8400-e29b-41d4-a716-446655442122'::uuid, '550e8400-e29b-41d4-a716-446655440022'::uuid, '550e8400-e29b-41d4-a716-446655440002'::uuid, 'Margherita', 'Fresh mozzarella, basil, and tomato sauce', 15.95, NULL, true, 20, 2, '2025-08-14 11:19:17.976188'::timestamp, '2025-08-14 11:19:17.976188'::timestamp);
INSERT INTO menu_items (id, category_id, restaurant_id, name, description, price, image, is_available, preparation_time, sort_order, created_at, updated_at) VALUES ('550e8400-e29b-41d4-a716-446655442123'::uuid, '550e8400-e29b-41d4-a716-446655440022'::uuid, '550e8400-e29b-41d4-a716-446655440002'::uuid, 'Meat Lovers', 'Pepperoni, sausage, bacon, and ham', 19.95, NULL, true, 28, 3, '2025-08-14 11:19:17.976188'::timestamp, '2025-08-14 11:19:17.976188'::timestamp);
INSERT INTO menu_items (id, category_id, restaurant_id, name, description, price, image, is_available, preparation_time, sort_order, created_at, updated_at) VALUES ('550e8400-e29b-41d4-a716-446655442131'::uuid, '550e8400-e29b-41d4-a716-446655440023'::uuid, '550e8400-e29b-41d4-a716-446655440002'::uuid, 'Classic Calzone', 'Ricotta, mozzarella, and pepperoni', 14.95, NULL, true, 22, 1, '2025-08-14 11:19:17.976188'::timestamp, '2025-08-14 11:19:17.976188'::timestamp);
INSERT INTO menu_items (id, category_id, restaurant_id, name, description, price, image, is_available, preparation_time, sort_order, created_at, updated_at) VALUES ('550e8400-e29b-41d4-a716-446655443111'::uuid, '550e8400-e29b-41d4-a716-446655440031'::uuid, '550e8400-e29b-41d4-a716-446655440003'::uuid, 'Loaded Nachos', 'Crispy tortilla chips with cheese, jalapeños', 9.95, '/assets/landed-nachos-1.jpg', true, 12, 1, '2025-08-14 11:19:26.632151'::timestamp, '2025-09-05 13:32:40.107'::timestamp);
INSERT INTO menu_items (id, category_id, restaurant_id, name, description, price, image, is_available, preparation_time, sort_order, created_at, updated_at) VALUES ('550e8400-e29b-41d4-a716-446655443112'::uuid, '550e8400-e29b-41d4-a716-446655440031'::uuid, '550e8400-e29b-41d4-a716-446655440003'::uuid, 'Buffalo Wings', 'Spicy buffalo wings with ranch dip', 11.95, '/assets/Buffalo Wings.jpg', true, 15, 2, '2025-08-14 11:19:26.632151'::timestamp, '2025-09-05 13:37:19.818'::timestamp);
INSERT INTO menu_items (id, category_id, restaurant_id, name, description, price, image, is_available, preparation_time, sort_order, created_at, updated_at) VALUES ('550e8400-e29b-41d4-a716-446655443121'::uuid, '550e8400-e29b-41d4-a716-446655440032'::uuid, '550e8400-e29b-41d4-a716-446655440003'::uuid, 'The Cheeky Classic', 'Beef patty, cheese, lettuce, tomato, special sauce', 13.95, '/assets/the-cheekys-classic.jpg', true, 18, 1, '2025-08-14 11:19:26.632151'::timestamp, '2025-09-05 13:34:02.714'::timestamp);
INSERT INTO menu_items (id, category_id, restaurant_id, name, description, price, image, is_available, preparation_time, sort_order, created_at, updated_at) VALUES ('550e8400-e29b-41d4-a716-446655443122'::uuid, '550e8400-e29b-41d4-a716-446655440032'::uuid, '550e8400-e29b-41d4-a716-446655440003'::uuid, 'BBQ Bacon Burger', 'Beef patty, bacon, BBQ sauce, onion rings', 15.95, '/assets/BBQ-Bacon-Burger.jpg', true, 20, 2, '2025-08-14 11:19:26.632151'::timestamp, '2025-09-05 13:36:58.833'::timestamp);
INSERT INTO menu_items (id, category_id, restaurant_id, name, description, price, image, is_available, preparation_time, sort_order, created_at, updated_at) VALUES ('550e8400-e29b-41d4-a716-446655443123'::uuid, '550e8400-e29b-41d4-a716-446655440032'::uuid, '550e8400-e29b-41d4-a716-446655440003'::uuid, 'Mushroom Swiss', 'Beef patty, Swiss cheese, sautéed mushrooms', 14.95, '/assets/Mushroom-Swiss.jpg', true, 19, 3, '2025-08-14 11:19:26.632151'::timestamp, '2025-09-05 13:37:54.193'::timestamp);
INSERT INTO menu_items (id, category_id, restaurant_id, name, description, price, image, is_available, preparation_time, sort_order, created_at, updated_at) VALUES ('550e8400-e29b-41d4-a716-446655443131'::uuid, '550e8400-e29b-41d4-a716-446655440033'::uuid, '550e8400-e29b-41d4-a716-446655440003'::uuid, 'Crispy Fries', 'Golden crispy seasoned fries', 4.95, '/assets/crispy-fries.jpg', true, 8, 1, '2025-08-14 11:19:26.632151'::timestamp, '2025-09-05 13:45:38.123'::timestamp);
INSERT INTO menu_items (id, category_id, restaurant_id, name, description, price, image, is_available, preparation_time, sort_order, created_at, updated_at) VALUES ('550e8400-e29b-41d4-a716-446655443132'::uuid, '550e8400-e29b-41d4-a716-446655440033'::uuid, '550e8400-e29b-41d4-a716-446655440003'::uuid, 'Onion Rings', 'Beer-battered onion rings', 6.95, '/assets/Onion Rings.jpg', true, 10, 2, '2025-08-14 11:19:26.632151'::timestamp, '2025-09-05 13:45:57.784'::timestamp);
INSERT INTO menu_items (id, category_id, restaurant_id, name, description, price, image, is_available, preparation_time, sort_order, created_at, updated_at) VALUES ('21852beb-bf33-461b-bf58-c0a208140982'::uuid, 'a0378383-3d29-4553-920d-518e684e8028'::uuid, 'a523fe53-edef-4e03-896e-f16a7ed6ccc2'::uuid, 'Machboos - KSA', '', 249.00, '/assets/1757069416004_ Machboos.png', false, 55, 0, '2025-09-05 10:50:34.34224'::timestamp, '2025-09-05 13:29:50.351'::timestamp);
INSERT INTO menu_items (id, category_id, restaurant_id, name, description, price, image, is_available, preparation_time, sort_order, created_at, updated_at) VALUES ('b1016626-bb21-4477-94bd-81c2f71aa9af'::uuid, 'a0378383-3d29-4553-920d-518e684e8028'::uuid, 'a523fe53-edef-4e03-896e-f16a7ed6ccc2'::uuid, 'Buffalo Wings -6pcs', 'hihi', 129.00, '/assets/Buffalo Wings.jpg', true, 35, 0, '2025-09-05 10:45:54.405696'::timestamp, '2025-09-05 12:15:16.071'::timestamp);

-- ==========================================
-- STEP 5: COUPONS (Discount system)
-- ==========================================

INSERT INTO coupons (id, code, title, description, discount_type, discount_value, minimum_order, max_usage, current_usage, user_limit, is_active, start_date, end_date, restaurant_id, created_at) VALUES ('e685f75e-ab60-417c-aae1-beb1904975bc'::uuid, 'SAVE20', '20% Off Order', 'Get 20% off your order of $25 or more', 'percentage', 20.00, 25.00, 100, 0, 5, true, '2025-09-04 05:42:34.111972'::timestamp, '2025-10-04 05:42:34.111972'::timestamp, NULL::uuid, '2025-09-04 05:42:34.111972'::timestamp);
INSERT INTO coupons (id, code, title, description, discount_type, discount_value, minimum_order, max_usage, current_usage, user_limit, is_active, start_date, end_date, restaurant_id, created_at) VALUES ('6476b7b0-450e-4c45-ad94-de2c7d1f55ce'::uuid, 'FREEDEL', 'Free Delivery', 'Free delivery on any order', 'free_delivery', 0.00, 0.00, 50, 0, 1, true, '2025-09-04 05:42:34.111972'::timestamp, '2025-09-11 05:42:34.111972'::timestamp, NULL::uuid, '2025-09-04 05:42:34.111972'::timestamp);
INSERT INTO coupons (id, code, title, description, discount_type, discount_value, minimum_order, max_usage, current_usage, user_limit, is_active, start_date, end_date, restaurant_id, created_at) VALUES ('6943b69d-8dbb-49c7-a987-95bada7be17f'::uuid, '5OFF', '$5 Off Order', 'Get $5 off your order of $15 or more', 'fixed', 5.00, 15.00, 200, 1, 3, true, '2025-09-04 05:42:34.111972'::timestamp, '2025-09-18 05:42:34.111972'::timestamp, NULL::uuid, '2025-09-04 05:42:34.111972'::timestamp);
INSERT INTO coupons (id, code, title, description, discount_type, discount_value, minimum_order, max_usage, current_usage, user_limit, is_active, start_date, end_date, restaurant_id, created_at) VALUES ('7677c8b2-0396-478d-98d9-1c237a34bee4'::uuid, 'NEWUSER10', '10% Off for New Users', 'Welcome! Get 10% off your first order', 'percentage', 10.00, 20.00, 50, 0, 1, true, '2025-09-04 06:03:45.176861'::timestamp, '2025-10-04 06:03:45.176861'::timestamp, NULL::uuid, '2025-09-04 06:03:45.176861'::timestamp);
INSERT INTO coupons (id, code, title, description, discount_type, discount_value, minimum_order, max_usage, current_usage, user_limit, is_active, start_date, end_date, restaurant_id, created_at) VALUES ('f2c8fa24-795d-41db-adee-c6398d743c22'::uuid, 'SAVE50', 'Save upto $5', '', 'percentage', 5.00, 10.00, 1, 0, 1, true, '2025-08-30 21:52:00'::timestamp, '2025-09-15 21:52:00'::timestamp, NULL::uuid, '2025-09-07 03:53:01.874378'::timestamp);

-- ==========================================
-- STEP 6: ORDERS (Customer orders)
-- ==========================================

INSERT INTO orders (id, user_id, restaurant_id, status, total_amount, delivery_fee, service_fee, tax, delivery_address, delivery_instructions, estimated_delivery_time, actual_delivery_time, created_at, updated_at, discount_amount, coupon_code, promotion_id, customer_name, customer_email, customer_phone) VALUES ('d88e5dc1-4d01-4724-98c2-bf3fbc9257de'::uuid, '0db90b71-1489-44b1-a465-bae7a610f8a8', '550e8400-e29b-41d4-a716-446655440001'::uuid, 'delivered', 30.54, 2.99, 1.20, 2.46, 'House 889, Road 418-19, Bashundhara, Gigabit, A-09, Level-9,, Dhaka, California 1212', '', NULL::timestamp, NULL::timestamp, '2025-09-04 11:21:12.545459'::timestamp, '2025-09-05 04:46:18.217'::timestamp, 0.00, NULL, NULL::uuid, 'Nayem Uddin', 'nayem@gigabit.agency', '0000000000');
INSERT INTO orders (id, user_id, restaurant_id, status, total_amount, delivery_fee, service_fee, tax, delivery_address, delivery_instructions, estimated_delivery_time, actual_delivery_time, created_at, updated_at, discount_amount, coupon_code, promotion_id, customer_name, customer_email, customer_phone) VALUES ('6bd480bb-04f8-4e4a-8b03-bc9599b2f779'::uuid, '0db90b71-1489-44b1-a465-bae7a610f8a8', '550e8400-e29b-41d4-a716-446655440001'::uuid, 'cancelled', 25.10, 2.99, 1.20, 2.02, 'House 889, Road 418-19, Bashundhara, Dhaka, California 12121', '', NULL::timestamp, NULL::timestamp, '2025-09-04 11:36:59.135043'::timestamp, '2025-09-04 11:42:10.322'::timestamp, 5.00, '5OFF', NULL::uuid, 'Admin User', 'admin@westrowkitchen.com', '0000000000');
INSERT INTO orders (id, user_id, restaurant_id, status, total_amount, delivery_fee, service_fee, tax, delivery_address, delivery_instructions, estimated_delivery_time, actual_delivery_time, created_at, updated_at, discount_amount, coupon_code, promotion_id, customer_name, customer_email, customer_phone) VALUES ('4d4d1991-9011-47d3-9a7a-12dd4572f806'::uuid, '0db90b71-1489-44b1-a465-bae7a610f8a8', '550e8400-e29b-41d4-a716-446655440003'::uuid, 'delivered', 46.41, 2.99, 1.89, 3.73, 'House 889, Road 418-19, Bashundhara, Gigabit, A-09, Level-9,, Dhaka, California 12121', '', NULL::timestamp, NULL::timestamp, '2025-09-05 09:28:07.976044'::timestamp, '2025-09-05 12:15:29.898'::timestamp, 0.00, NULL, NULL::uuid, 'Admin User', 'admin@westrowkitchen.com', '0000000000');
INSERT INTO orders (id, user_id, restaurant_id, status, total_amount, delivery_fee, service_fee, tax, delivery_address, delivery_instructions, estimated_delivery_time, actual_delivery_time, created_at, updated_at, discount_amount, coupon_code, promotion_id, customer_name, customer_email, customer_phone) VALUES ('d6773bbe-f532-41c4-94b6-958d802938f9'::uuid, '0db90b71-1489-44b1-a465-bae7a610f8a8', '550e8400-e29b-41d4-a716-446655440002'::uuid, 'delivered', 57.89, 2.99, 2.39, 4.66, 'House 889, Road 418-19, Bashundhara, Gigabit, A-09, Level-9,, Dhaka, California 12121', '', NULL::timestamp, NULL::timestamp, '2025-09-05 09:44:31.679185'::timestamp, '2025-09-05 13:30:14.298'::timestamp, 0.00, NULL, NULL::uuid, 'Admin User', 'admin@westrowkitchen.com', '0000000000');
INSERT INTO orders (id, user_id, restaurant_id, status, total_amount, delivery_fee, service_fee, tax, delivery_address, delivery_instructions, estimated_delivery_time, actual_delivery_time, created_at, updated_at, discount_amount, coupon_code, promotion_id, customer_name, customer_email, customer_phone) VALUES ('4bebe3a9-ca3a-432a-b3d6-39e362fe3d9e'::uuid, '0db90b71-1489-44b1-a465-bae7a610f8a8', 'a523fe53-edef-4e03-896e-f16a7ed6ccc2'::uuid, 'confirmed', 287.58, 2.99, 12.45, 23.14, 'Road 413, Gigabit, A-09, Level-9,, Dhaka, California 12121', '', NULL::timestamp, NULL::timestamp, '2025-09-05 11:17:53.520112'::timestamp, '2025-09-05 13:30:18.037'::timestamp, 0.00, NULL, NULL::uuid, 'Admin User', 'admin@westrowkitchen.com', '0000000000');

-- ==========================================
-- STEP 7: ORDER ITEMS (Items within orders)
-- ==========================================

INSERT INTO order_items (id, order_id, menu_item_id, quantity, unit_price, total_price, special_instructions, created_at) VALUES ('205b67d1-b3a1-42ca-bc26-6670df081930'::uuid, 'd88e5dc1-4d01-4724-98c2-bf3fbc9257de'::uuid, '550e8400-e29b-41d4-a716-446655441111'::uuid, 1, 8.95, 8.95, NULL, '2025-09-04 11:21:12.596838'::timestamp);
INSERT INTO order_items (id, order_id, menu_item_id, quantity, unit_price, total_price, special_instructions, created_at) VALUES ('480f586a-e939-4ff2-99da-e588495b8d34'::uuid, 'd88e5dc1-4d01-4724-98c2-bf3fbc9257de'::uuid, '550e8400-e29b-41d4-a716-446655441121'::uuid, 1, 14.95, 14.95, NULL, '2025-09-04 11:21:12.596838'::timestamp);
INSERT INTO order_items (id, order_id, menu_item_id, quantity, unit_price, total_price, special_instructions, created_at) VALUES ('06f7e6d5-698e-42ba-a3f1-adff18ef2213'::uuid, '6bd480bb-04f8-4e4a-8b03-bc9599b2f779'::uuid, '550e8400-e29b-41d4-a716-446655441111'::uuid, 1, 8.95, 8.95, NULL, '2025-09-04 11:36:59.168103'::timestamp);
INSERT INTO order_items (id, order_id, menu_item_id, quantity, unit_price, total_price, special_instructions, created_at) VALUES ('2db231d4-4793-4d84-9da2-b2968a5299eb'::uuid, '6bd480bb-04f8-4e4a-8b03-bc9599b2f779'::uuid, '550e8400-e29b-41d4-a716-446655441121'::uuid, 1, 14.95, 14.95, NULL, '2025-09-04 11:36:59.168103'::timestamp);
INSERT INTO order_items (id, order_id, menu_item_id, quantity, unit_price, total_price, special_instructions, created_at) VALUES ('8c4e117e-9eb4-4b64-b51b-0deb58a0cd84'::uuid, '4d4d1991-9011-47d3-9a7a-12dd4572f806'::uuid, '550e8400-e29b-41d4-a716-446655443131'::uuid, 2, 4.95, 9.90, NULL, '2025-09-05 09:28:08.032179'::timestamp);
INSERT INTO order_items (id, order_id, menu_item_id, quantity, unit_price, total_price, special_instructions, created_at) VALUES ('6b37947b-9378-4521-965a-efe3f98a684e'::uuid, '4d4d1991-9011-47d3-9a7a-12dd4572f806'::uuid, '550e8400-e29b-41d4-a716-446655443122'::uuid, 1, 15.95, 15.95, NULL, '2025-09-05 09:28:08.032179'::timestamp);
INSERT INTO order_items (id, order_id, menu_item_id, quantity, unit_price, total_price, special_instructions, created_at) VALUES ('ef5c9402-0b54-4f2f-8aa0-5cbc3b647e7d'::uuid, '4d4d1991-9011-47d3-9a7a-12dd4572f806'::uuid, '550e8400-e29b-41d4-a716-446655443112'::uuid, 1, 11.95, 11.95, NULL, '2025-09-05 09:28:08.032179'::timestamp);
INSERT INTO order_items (id, order_id, menu_item_id, quantity, unit_price, total_price, special_instructions, created_at) VALUES ('6b57b78d-12f2-4789-9be2-66e69cc7a248'::uuid, 'd6773bbe-f532-41c4-94b6-958d802938f9'::uuid, '550e8400-e29b-41d4-a716-446655442122'::uuid, 3, 15.95, 47.85, NULL, '2025-09-05 09:44:31.71298'::timestamp);
INSERT INTO order_items (id, order_id, menu_item_id, quantity, unit_price, total_price, special_instructions, created_at) VALUES ('43465fae-1172-48f4-a448-4bab067165df'::uuid, '4bebe3a9-ca3a-432a-b3d6-39e362fe3d9e'::uuid, '21852beb-bf33-461b-bf58-c0a208140982'::uuid, 1, 249.00, 249.00, NULL, '2025-09-05 11:17:53.55129'::timestamp);

-- ========================================================
-- EXPORT COMPLETED! 
-- ========================================================
-- 
-- 📊 Summary of exported data:
-- ✅ 3 Users (including admin account)
-- ✅ 5 Restaurants (with operating hours & settings)
-- ✅ 14 Menu Categories (organized by restaurant)
-- ✅ 21 Menu Items (with images and pricing)
-- ✅ 5 Coupons (various discount types)
-- ✅ 5 Orders (with complete order history)
-- ✅ 9 Order Items (individual items within orders)
--
-- 🚀 Instructions for Production Database:
-- 1. Make sure your production database schema is up to date
-- 2. Run these statements in your production database tool
-- 3. Verify data integrity after import
-- 4. Test your application with the imported data
--
-- ⚠️  Important Notes:
-- - All UUIDs and relationships are preserved
-- - Passwords are hashed and secure
-- - Operating hours and special settings are included
-- - Order history and financial data is complete
-- - Image paths reference your assets folder
--
-- 🔧 Troubleshooting:
-- - If foreign key errors occur, run statements in the exact order shown
-- - Make sure your production schema matches your development schema
-- - Contact support if you encounter issues with the import
--
-- Generated on: September 7, 2025
-- Total records: 62
-- ========================================================
