-- West Row Kitchen Database Export
-- Generated from Development Database
-- Run these statements in your Production Database

-- ==========================================
-- STEP 1: USERS (Foundation data)
-- ==========================================

-- Users data
INSERT INTO users (id, email, first_name, last_name, is_admin, created_at, updated_at, password, phone, profile_image_url, notification_preferences, is_deleted) VALUES ('fb6d96bd-2503-440d-85aa-ec1448500fb8', 'customer@test.com', 'Test', 'Customer', false, '2025-09-03 05:23:47.813698'::timestamp, '2025-09-03 05:23:47.813698'::timestamp, 'e54b2942a6c98b39ee004b660ed23cf959af72e5263488e0e2b911666b636b4cd48f97bc0736d1d092036369c36f82fbc128d669aba1f670d133fef2ff2005b1.01bb82b4af8fd8968de17973ddba386e', NULL, NULL, '{"newsletter": false, "promotions": false, "orderUpdates": true}'::jsonb, false);
INSERT INTO users (id, email, first_name, last_name, is_admin, created_at, updated_at, password, phone, profile_image_url, notification_preferences, is_deleted) VALUES ('0db90b71-1489-44b1-a465-bae7a610f8a8', 'admin@westrowkitchen.com', 'Admin', 'User 1', true, '2025-09-03 05:23:47.813698'::timestamp, '2025-09-07 04:49:59.877'::timestamp, 'a66652fb8ea43f2e3a78cce5cb62015ad7cf78829b79dfbe8489784830d55494cc2b6a8239726d61994ad837b0e5065bdb09c202815f693c12dbcfb52de6f8a5.f0c3a011aab6c08e3f85d6b4833c44d3', NULL, NULL, '{"newsletter": false, "promotions": false, "orderUpdates": true}'::jsonb, false);
INSERT INTO users (id, email, first_name, last_name, is_admin, created_at, updated_at, password, phone, profile_image_url, notification_preferences, is_deleted) VALUES ('fc2220d2-f49a-4bd5-941a-6a8d82105275', 'john@test.com', 'John', 'Doe', false, '2025-09-04 06:34:18.671065'::timestamp, '2025-09-04 06:34:18.671065'::timestamp, 'b4e05798c935410d9bab03bd032e34076d448536fadc86bcb2f928111ba4d4fedcc34bf1691eb8361fb728faa82b32d8c969885817b0e8d958049e0d098c84e5.6d82a26db8e9e8f7fd9f8aa1da0fec04', NULL, NULL, '{"newsletter": false, "promotions": false, "orderUpdates": true}'::jsonb, false);

-- ==========================================
-- STEP 2: RESTAURANTS (Core business data)
-- ==========================================

INSERT INTO restaurants (id, name, description, image, cuisine, rating, review_count, delivery_time, delivery_fee, minimum_order, is_open, address, phone, owner_id, created_at, updated_at, is_temporarily_closed, operating_hours, special_hours, auto_schedule_enabled, timezone) VALUES ('550e8400-e29b-41d4-a716-446655440002'::uuid, 'Pappi''s Pizza', 'Hot. Saucy. Pappi''s.', '/assets/pappis-pizza-logo.png', 'Italian', 4.70, 89, '20-30 min', 1.99, 12.00, true, '456 Italian Avenue, Little Italy', '555-0102', NULL, '2025-08-14 11:18:18.789949'::timestamp, '2025-08-14 11:18:18.789949'::timestamp, false, NULL::jsonb, NULL::jsonb, true, 'America/New_York');
INSERT INTO restaurants (id, name, description, image, cuisine, rating, review_count, delivery_time, delivery_fee, minimum_order, is_open, address, phone, owner_id, created_at, updated_at, is_temporarily_closed, operating_hours, special_hours, auto_schedule_enabled, timezone) VALUES ('550e8400-e29b-41d4-a716-446655440001'::uuid, 'My Lai Kitchen', 'Modern Vietnamese Flavors', '/assets/my-lai-logo.png', 'Vietnamese', 4.80, 127, '25-35 min', 2.99, 15.00, false, '123 Vietnam Street, Downtown', '555-0101', NULL, '2025-08-14 11:18:18.789949'::timestamp, '2025-09-07 07:01:05.031'::timestamp, false, '{"friday": {"open": "09:00", "close": "21:00", "closed": false}, "monday": {"open": "09:00", "close": "21:00", "closed": false}, "sunday": {"open": "09:00", "close": "21:00", "closed": false}, "tuesday": {"open": "09:00", "close": "21:00", "closed": false}, "saturday": {"open": "09:00", "close": "21:00", "closed": false}, "thursday": {"open": "09:00", "close": "21:00", "closed": false}, "wednesday": {"open": "09:00", "close": "21:00", "closed": false}}'::jsonb, NULL::jsonb, true, 'America/New_York');
INSERT INTO restaurants (id, name, description, image, cuisine, rating, review_count, delivery_time, delivery_fee, minimum_order, is_open, address, phone, owner_id, created_at, updated_at, is_temporarily_closed, operating_hours, special_hours, auto_schedule_enabled, timezone) VALUES ('550e8400-e29b-41d4-a716-446655440003'::uuid, 'Cheeky''s Burgers', 'Premium burgers with attitude', '/assets/cheekys-burgers-logo.png', 'American', 4.90, 156, '15-25 min', 1.49, 10.00, true, '789 Burger Lane, Uptown', '555-0103', NULL, '2025-08-14 11:18:18.789949'::timestamp, '2025-09-07 07:31:15.453'::timestamp, false, '{"friday": {"open": "09:00", "close": "21:00", "closed": false}, "monday": {"open": "09:00", "close": "21:00", "closed": false}, "sunday": {"open": "09:00", "close": "13:32", "closed": false}, "tuesday": {"open": "09:00", "close": "21:00", "closed": false}, "saturday": {"open": "09:00", "close": "21:00", "closed": false}, "thursday": {"open": "09:00", "close": "21:00", "closed": false}, "wednesday": {"open": "09:00", "close": "21:00", "closed": false}}'::jsonb, NULL::jsonb, true, 'America/New_York');
INSERT INTO restaurants (id, name, description, image, cuisine, rating, review_count, delivery_time, delivery_fee, minimum_order, is_open, address, phone, owner_id, created_at, updated_at, is_temporarily_closed, operating_hours, special_hours, auto_schedule_enabled, timezone) VALUES ('a523fe53-edef-4e03-896e-f16a7ed6ccc2'::uuid, 'Nayem''s Cuisine - (New)', 'We''re the King.', '/assets/Nayem''s Cuisine.png', 'Mediterranean', 5.00, 5319, '15-35 min', 1.49, 5.00, true, 'Road 413', '(+880) 0923-234120', '0db90b71-1489-44b1-a465-bae7a610f8a8', '2025-09-05 05:17:45.026415'::timestamp, '2025-09-07 06:53:05.651'::timestamp, false, '{"friday": {"open": "09:00", "close": "21:00", "closed": true}, "monday": {"open": "09:00", "close": "21:00", "closed": false}, "sunday": {"open": "09:00", "close": "21:00", "closed": true}, "tuesday": {"open": "09:00", "close": "21:00", "closed": false}, "saturday": {"open": "09:00", "close": "21:00", "closed": false}, "thursday": {"open": "09:00", "close": "21:00", "closed": true}, "wednesday": {"open": "09:00", "close": "21:00", "closed": false}}'::jsonb, NULL::jsonb, true, 'America/New_York');
INSERT INTO restaurants (id, name, description, image, cuisine, rating, review_count, delivery_time, delivery_fee, minimum_order, is_open, address, phone, owner_id, created_at, updated_at, is_temporarily_closed, operating_hours, special_hours, auto_schedule_enabled, timezone) VALUES ('8735805f-e6a5-4148-abb6-9c207b6535de'::uuid, 'hukk', 'hgj', '/assets/Crispy Imperial Rolls.jpg', 'Thai', 4.80, 1334, '15-35 min', 4.10, 25.00, true, 'Road 413', '', '0db90b71-1489-44b1-a465-bae7a610f8a8', '2025-09-05 10:49:13.131895'::timestamp, '2025-09-07 06:59:54.786'::timestamp, false, '{"friday": {"open": "09:00", "close": "21:00", "closed": false}, "monday": {"open": "09:00", "close": "21:00", "closed": false}, "sunday": {"open": "09:00", "close": "21:00", "closed": false}, "tuesday": {"open": "09:00", "close": "21:00", "closed": false}, "saturday": {"open": "09:00", "close": "21:00", "closed": false}, "thursday": {"open": "09:00", "close": "21:00", "closed": false}, "wednesday": {"open": "09:00", "close": "21:00", "closed": false}}'::jsonb, NULL::jsonb, true, 'America/New_York');

-- ==========================================
-- STEP 3: MENU CATEGORIES
-- ==========================================

INSERT INTO menu_categories (id, restaurant_id, name, description, sort_order, created_at) VALUES ('550e8400-e29b-41d4-a716-446655440011'::uuid, '550e8400-e29b-41d4-a716-446655440001'::uuid, 'Appetizers', 'Start your Vietnamese journey', 1, '2025-08-14 11:18:54.866298'::timestamp);
INSERT INTO menu_categories (id, restaurant_id, name, description, sort_order, created_at) VALUES ('550e8400-e29b-41d4-a716-446655440012'::uuid, '550e8400-e29b-41d4-a716-446655440001'::uuid, 'Pho & Soups', 'Traditional Vietnamese soups', 2, '2025-08-14 11:18:54.866298'::timestamp);
INSERT INTO menu_categories (id, restaurant_id, name, description, sort_order, created_at) VALUES ('550e8400-e29b-41d4-a716-446655440013'::uuid, '550e8400-e29b-41d4-a716-446655440001'::uuid, 'Rice & Noodles', 'Hearty main dishes', 3, '2025-08-14 11:18:54.866298'::timestamp);
INSERT INTO menu_categories (id, restaurant_id, name, description, sort_order, created_at) VALUES ('550e8400-e29b-41d4-a716-446655440014'::uuid, '550e8400-e29b-41d4-a716-446655440001'::uuid, 'Beverages', 'Traditional Vietnamese drinks', 4, '2025-08-14 11:18:54.866298'::timestamp);
INSERT INTO menu_categories (id, restaurant_id, name, description, sort_order, created_at) VALUES ('550e8400-e29b-41d4-a716-446655440021'::uuid, '550e8400-e29b-41d4-a716-446655440002'::uuid, 'Appetizers', 'Start with something hot', 1, '2025-08-14 11:18:58.757802'::timestamp);
INSERT INTO menu_categories (id, restaurant_id, name, description, sort_order, created_at) VALUES ('550e8400-e29b-41d4-a716-446655440022'::uuid, '550e8400-e29b-41d4-a716-446655440002'::uuid, 'Pizzas', 'Hot. Saucy. Pappi''s.', 2, '2025-08-14 11:18:58.757802'::timestamp);
INSERT INTO menu_categories (id, restaurant_id, name, description, sort_order, created_at) VALUES ('550e8400-e29b-41d4-a716-446655440023'::uuid, '550e8400-e29b-41d4-a716-446655440002'::uuid, 'Calzones', 'Stuffed and saucy', 3, '2025-08-14 11:18:58.757802'::timestamp);
INSERT INTO menu_categories (id, restaurant_id, name, description, sort_order, created_at) VALUES ('550e8400-e29b-41d4-a716-446655440024'::uuid, '550e8400-e29b-41d4-a716-446655440002'::uuid, 'Drinks', 'Cool refreshments', 4, '2025-08-14 11:18:58.757802'::timestamp);
INSERT INTO menu_categories (id, restaurant_id, name, description, sort_order, created_at) VALUES ('550e8400-e29b-41d4-a716-446655440031'::uuid, '550e8400-e29b-41d4-a716-446655440003'::uuid, 'Starters', 'Get the party started', 1, '2025-08-14 11:19:02.117352'::timestamp);
INSERT INTO menu_categories (id, restaurant_id, name, description, sort_order, created_at) VALUES ('550e8400-e29b-41d4-a716-446655440032'::uuid, '550e8400-e29b-41d4-a716-446655440003'::uuid, 'Burgers', 'Premium burgers with attitude', 2, '2025-08-14 11:19:02.117352'::timestamp);
INSERT INTO menu_categories (id, restaurant_id, name, description, sort_order, created_at) VALUES ('550e8400-e29b-41d4-a716-446655440033'::uuid, '550e8400-e29b-41d4-a716-446655440003'::uuid, 'Sides', 'Perfect companions', 3, '2025-08-14 11:19:02.117352'::timestamp);
INSERT INTO menu_categories (id, restaurant_id, name, description, sort_order, created_at) VALUES ('550e8400-e29b-41d4-a716-446655440034'::uuid, '550e8400-e29b-41d4-a716-446655440003'::uuid, 'Shakes & Drinks', 'Thick, creamy, delicious', 4, '2025-08-14 11:19:02.117352'::timestamp);
INSERT INTO menu_categories (id, restaurant_id, name, description, sort_order, created_at) VALUES ('a0378383-3d29-4553-920d-518e684e8028'::uuid, 'a523fe53-edef-4e03-896e-f16a7ed6ccc2'::uuid, 'Biriyani', 'Authentic Recipe, less fat', 0, '2025-09-05 10:10:34.002083'::timestamp);
INSERT INTO menu_categories (id, restaurant_id, name, description, sort_order, created_at) VALUES ('aa4a388c-bed3-468b-88f5-95e145895263'::uuid, 'a523fe53-edef-4e03-896e-f16a7ed6ccc2'::uuid, 'Latty', 'No fat at all', 0, '2025-09-05 10:11:18.278632'::timestamp);

-- ==========================================
-- STEP 4: MENU ITEMS
-- ==========================================
